N,M,TRUE_VALUE
1,1,0.11719179118946299
2,1,0.5436005762531598
3,1,0.1153011202211446
4,1,0.537534671386244
5,1,0.10984839630190521
1,2,0.11888178940981542
2,2,0.5559538150681963
3,2,0.1063070857158052
4,2,0.5535806901826457
1,3,0.11673250300340665
2,3,0.5516032221777836
3,3,0.11551473322683034
